﻿{
   "CodeGenerationMode": 0,
   "ContextClassName": "CandyStoreContext",
   "ContextNamespace": null,
   "DefaultDacpacSchema": null,
   "FilterSchemas": false,
   "IncludeConnectionString": false,
   "ModelNamespace": null,
   "OutputContextPath": "Data",
   "OutputPath": "Data\/Models",
   "ProjectRootNamespace": "Online_Store___Final_Project",
   "Schemas": null,
   "SelectedHandlebarsLanguage": 0,
   "SelectedToBeGenerated": 0,
   "Tables": [
      {
         "Name": "categories",
         "ObjectType": 0
      },
      {
         "Name": "items",
         "ObjectType": 0
      },
      {
         "Name": "orderitems",
         "ObjectType": 0
      },
      {
         "Name": "orders",
         "ObjectType": 0
      },
      {
         "Name": "states",
         "ObjectType": 0
      },
      {
         "Name": "useraddresses",
         "ObjectType": 0
      },
      {
         "Name": "users",
         "ObjectType": 0
      }
   ],
   "UiHint": ".candy-store",
   "UseBoolPropertiesWithoutDefaultSql": false,
   "UseDatabaseNames": false,
   "UseDbContextSplitting": false,
   "UseFluentApiOnly": false,
   "UseHandleBars": false,
   "UseInflector": true,
   "UseLegacyPluralizer": false,
   "UseNoConstructor": false,
   "UseNoNavigations": false,
   "UseNoObjectFilter": false,
   "UseNodaTime": false,
   "UseNullableReferences": false,
   "UseSchemaFolders": false,
   "UseSpatial": false
}